{
  "IsEncrypted": false,
  "Values": {
    "WEBSITE_SLOT_NAME": "Production",
    "FUNCTIONS_EXTENSION_VERSION": "~4",
    "ScmType": "None",
    "WEBSITE_AUTH_ENABLED": "False",
    "WEBSITE_RUN_FROM_PACKAGE": "1",
    "APPINSIGHTS_INSTRUMENTATIONKEY": "cb976c56-3b8d-4408-951b-bbc8f13e53ff",
    "WEBSITE_NODE_DEFAULT_VERSION": "18.19.1",
    "WEBSITE_CONTENTAZUREFILECONNECTIONSTRING": "DefaultEndpointsProtocol=https;AccountName=demotestinghasan;AccountKey=Q7xRT5xSFj95pLOizgH1tGeJqc3KiTFjLApVQOHlZH1Glzd0c4x2AIF+6WeeICr0zD6hLT4Swxb2+AStzclUjA==;EndpointSuffix=core.windows.net",
    "WEBSITE_CONTENTSHARE": "demo-testing-hasand246f4",
    "FUNCTIONS_WORKER_RUNTIME": "node",
    "WEBSITE_SITE_NAME": "demo-testing-hasan",
    "AzureWebJobsStorage": "DefaultEndpointsProtocol=https;AccountName=demotestinghasan;AccountKey=Q7xRT5xSFj95pLOizgH1tGeJqc3KiTFjLApVQOHlZH1Glzd0c4x2AIF+6WeeICr0zD6hLT4Swxb2+AStzclUjA==;EndpointSuffix=core.windows.net"
  }
}